source,page,text,entities
news_excerpts_parsed.xlsx,,"https://edition.cnn.com/2023/09/29/business/starbucks-union-wages/index.html Starbucks violated federal labor law when it increased wages and offered new perks and benefits only to non-union employees, a National Labor Relations Board judge found Thursday. The decision is the latest in a series of NLRB rulings finding that Starbucks has violated labor law in its efforts to stop unions from forming in its coffee shops. “The issue at the heart of this case is whether, under current Board law, [Starbucks] was entitled to explicitly reward employees,” for not participating in union activity, “while falsely telling its workers that the federal labor law forced it to take this action,” wrote administrative law judge Mara-Louise Anzalone. “It was not.”","[{'text': 'Starbucks', 'label': 'ORG'}, {'text': 'National Labor Relations Board', 'label': 'ORG'}, {'text': 'Thursday', 'label': 'DATE'}, {'text': 'NLRB', 'label': 'GPE'}, {'text': 'Starbucks', 'label': 'ORG'}, {'text': 'Board', 'label': 'ORG'}, {'text': 'Starbucks', 'label': 'ORG'}, {'text': 'Mara-Louise Anzalone', 'label': 'PERSON'}]"
news_excerpts_parsed.xlsx,,"https://www.channelnewsasia.com/singapore/su-wenqiang-pleads-guilty-billion-dollar-money-laundering-convicted-4234731 The first suspect to plead guilty in Singapore's largest money laundering case was convicted and sentenced to 13 months' jail in a district court on Tuesday (Apr 2). Su Wenqiang, 32, admitted to 11 charges of money laundering, possessing proceeds from illegal remote gambling offences and lying to get work passes for himself and his wife. More than S$3 billion (US$2.2 billion) in assets have been seized or frozen in relation to the case. This likely makes it one of the largest money laundering operations in the world. Su was among 10 suspects arrested in simultaneous police raids last August. The Cambodian national, whose passport states that he is from Fujian, was nabbed in a Good Class Bungalow along Lewis Road in Bukit Timah.","[{'text': 'first', 'label': 'ORDINAL'}, {'text': 'Singapore', 'label': 'GPE'}, {'text': ""13 months'"", 'label': 'DATE'}, {'text': 'Tuesday', 'label': 'DATE'}, {'text': 'Su Wenqiang', 'label': 'PERSON'}, {'text': '32', 'label': 'DATE'}, {'text': '11', 'label': 'CARDINAL'}, {'text': 'More than S$3 billion', 'label': 'MONEY'}, {'text': 'US$2.2 billion', 'label': 'MONEY'}, {'text': 'Su', 'label': 'PERSON'}, {'text': '10', 'label': 'CARDINAL'}, {'text': 'last August', 'label': 'DATE'}, {'text': 'Cambodian', 'label': 'NORP'}, {'text': 'Fujian', 'label': 'GPE'}, {'text': 'Lewis Road', 'label': 'FAC'}, {'text': 'Bukit Timah', 'label': 'GPE'}]"
news_excerpts_parsed.xlsx,,"https://edition.cnn.com/2023/05/22/tech/meta-facebook-data-privacy-eu-fine/index.html Meta has been fined a record-breaking €1.2 billion ($1.3 billion) by European Union regulators for violating EU privacy laws by transferring the personal data of Facebook users to servers in the United States. The European Data Protection Board announced the fine in a statement Monday, saying it followed an inquiry into Facebook (FB) by the Irish Data Protection Commission, the chief regulator overseeing Meta’s operations in Europe. The move highlights ongoing uncertainty about how global businesses may legally transfer EU users’ data to servers overseas. The EU regulator said the processing and storage of personal data in the United States contravened Europe’s signature data privacy law, known as the General Data Protection Regulation. Chapter 5 of the GDPR sets out the conditions under which personal data can be transferred to third countries or international organizations.","[{'text': 'Meta', 'label': 'ORG'}, {'text': '€1.2 billion', 'label': 'MONEY'}, {'text': '$1.3 billion', 'label': 'MONEY'}, {'text': 'European Union', 'label': 'ORG'}, {'text': 'EU', 'label': 'ORG'}, {'text': 'Facebook', 'label': 'ORG'}, {'text': 'the United States', 'label': 'GPE'}, {'text': 'The European Data Protection Board', 'label': 'ORG'}, {'text': 'Monday', 'label': 'DATE'}, {'text': 'Facebook', 'label': 'ORG'}, {'text': 'the Irish Data Protection Commission', 'label': 'ORG'}, {'text': 'Meta', 'label': 'ORG'}, {'text': 'Europe', 'label': 'LOC'}, {'text': 'EU', 'label': 'ORG'}, {'text': 'EU', 'label': 'ORG'}, {'text': 'the United States', 'label': 'GPE'}, {'text': 'Europe', 'label': 'LOC'}, {'text': 'the General Data Protection Regulation', 'label': 'ORG'}, {'text': 'Chapter 5', 'label': 'LAW'}, {'text': 'third', 'label': 'ORDINAL'}]"
news_excerpts_parsed.xlsx,,https://www.channelnewsasia.com/singapore/billion-dollar-money-laundering-case-zhang-ruijin-sentenced-15-months-jail-4302416 SINGAPORE: A 45-year-old man linked to Singapore’s largest money laundering case was sentenced to 15 months' jail on Tuesday (Apr 30). Zhang Ruijin was also ordered to forfeit around S$118 million of his assets to the state. This amounts to about 90 per cent of the S$131 million worth of assets originally seized by the police. He is the fifth of 10 accused persons to be dealt with in relation to the case. Zhang pleaded guilty on Tuesday to two counts of forgery-related offences and one of failing to satisfactorily account for property reasonably suspected to be benefits from criminal conduct.,"[{'text': 'https://www.channelnewsasia.com/singapore/billion-dollar-money-laundering-case-zhang-ruijin-sentenced-15-months-jail-4302416 SINGAPORE', 'label': 'ORG'}, {'text': '45-year-old', 'label': 'DATE'}, {'text': 'Singapore', 'label': 'GPE'}, {'text': ""15 months'"", 'label': 'DATE'}, {'text': 'Tuesday', 'label': 'DATE'}, {'text': 'Zhang Ruijin', 'label': 'PERSON'}, {'text': 'about 90 per cent', 'label': 'MONEY'}, {'text': 'fifth', 'label': 'ORDINAL'}, {'text': '10', 'label': 'CARDINAL'}, {'text': 'Zhang', 'label': 'PERSON'}, {'text': 'Tuesday', 'label': 'DATE'}, {'text': 'two', 'label': 'CARDINAL'}, {'text': 'one', 'label': 'CARDINAL'}]"
news_excerpts_parsed.xlsx,,"https://edition.cnn.com/2024/03/05/politics/liberty-university-fined-campus-safety/index.html The Department of Education imposed a record $14 million fine on Liberty University, a Christian college located in Virginia, over violations of a campus safety law, officials said Tuesday. The Department of Education said it was the largest fine ever imposed for violating the Clery Act, which requires colleges to maintain and disclose campus crime statistics and security information. Liberty University also agreed to spend an additional $2 million to improve on-campus safety over the next two years. The Department of Education initiated the review in 2022 after receiving complaints that alleged the college committed violations of the Clery Act. The review also followed a 2021 lawsuit, in which 12 women claimed that the school created an environment that increased the likelihood of sexual assault and rape. The case was settled in 2022.","[{'text': 'The Department of Education', 'label': 'ORG'}, {'text': 'a record $14 million', 'label': 'MONEY'}, {'text': 'Liberty University', 'label': 'ORG'}, {'text': 'Christian', 'label': 'NORP'}, {'text': 'Virginia', 'label': 'GPE'}, {'text': 'Tuesday', 'label': 'DATE'}, {'text': 'The Department of Education', 'label': 'ORG'}, {'text': 'the Clery Act', 'label': 'LAW'}, {'text': 'Liberty University', 'label': 'ORG'}, {'text': 'an additional $2 million', 'label': 'MONEY'}, {'text': 'the next two years', 'label': 'DATE'}, {'text': 'The Department of Education', 'label': 'ORG'}, {'text': '2022', 'label': 'CARDINAL'}, {'text': 'the Clery Act', 'label': 'LAW'}, {'text': '2021', 'label': 'CARDINAL'}, {'text': '12', 'label': 'CARDINAL'}, {'text': '2022', 'label': 'CARDINAL'}]"
news_excerpts_parsed.xlsx,,"https://www.euronews.com/2024/02/23/judge-convicts-former-austrian-chancellor-sebastian-kurz After twelve days of deliberation, a Vienna court has delivered its verdict on the trial of former Austrian Chancellor Sebastian Kurz. He has been convicted of making false statements to a parliamentary inquiry. The verdict at the Vienna criminal court followed a four-month trial. The case marked the first time in more than 30 years that a former Austrian chancellor had stood trial. He was given an eight-month suspended sentence. Kurz, who was once hailed as a ""wunderkind"" of the Austrian People's Party, resigned in 2021 following a separate corruption probe. Prosecutors in the trial, which opened in October, accused the 37-year-old of giving false evidence in June 2020 during an inquiry regarding his role in setting up a holding company named OeBAG.","[{'text': 'twelve days', 'label': 'DATE'}, {'text': 'Vienna', 'label': 'GPE'}, {'text': 'Austrian', 'label': 'NORP'}, {'text': 'Sebastian Kurz', 'label': 'PERSON'}, {'text': 'Vienna', 'label': 'GPE'}, {'text': 'four-month', 'label': 'DATE'}, {'text': 'first', 'label': 'ORDINAL'}, {'text': 'more than 30 years', 'label': 'DATE'}, {'text': 'Austrian', 'label': 'NORP'}, {'text': 'eight-month', 'label': 'DATE'}, {'text': 'Kurz', 'label': 'PERSON'}, {'text': ""the Austrian People's Party"", 'label': 'ORG'}, {'text': '2021', 'label': 'CARDINAL'}, {'text': 'October', 'label': 'DATE'}, {'text': '37-year-old', 'label': 'DATE'}, {'text': 'June 2020', 'label': 'DATE'}]"
news_excerpts_parsed.xlsx,,"https://edition.cnn.com/2022/07/21/economy/china-fines-didi-data-law-violation-intl-hnk/index.html China’s cyberspace regulator fined Didi Global just over 8 billion yuan ($1.2 billion) on Thursday for violating cybersecurity and data laws, putting an end to a yearlong investigation into the ride-hailing giant. The Cyberspace Administration of China (CAC) said in a statement that the firm had breached the country’s cybersecurity law, data security law, and personal information protection law. “The facts of violations of laws and regulations are clear, the evidence is conclusive, the circumstances are serious, and the nature is vile,” the statement added. Aside from the $1.19 billion penalty, the regulator also imposed a personal fine of 1 million yuan ($147,000) on Didi’s chairman and CEO Cheng Wei and president Liu Qing, respectively. Liu Qing is also known as Jean Liu in English.","[{'text': 'China', 'label': 'GPE'}, {'text': 'Didi Global', 'label': 'ORG'}, {'text': '$1.2 billion', 'label': 'MONEY'}, {'text': 'Thursday', 'label': 'DATE'}, {'text': 'yearlong', 'label': 'DATE'}, {'text': 'The Cyberspace Administration of China', 'label': 'ORG'}, {'text': 'CAC', 'label': 'ORG'}, {'text': '$1.19 billion', 'label': 'MONEY'}, {'text': '1 million yuan', 'label': 'MONEY'}, {'text': '147,000', 'label': 'MONEY'}, {'text': 'Didi', 'label': 'GPE'}, {'text': 'Cheng Wei', 'label': 'PERSON'}, {'text': 'Liu Qing', 'label': 'PERSON'}, {'text': 'Liu Qing', 'label': 'PERSON'}, {'text': 'Jean Liu', 'label': 'PERSON'}, {'text': 'English', 'label': 'LANGUAGE'}]"
news_excerpts_parsed.xlsx,,"https://www.brusselstimes.com/justice-belgium/1011990/two-alleged-leaders-of-vast-drug-trafficking-operation-looking-at-20-years-in-prison On Thursday, the Brussels Criminal Court’s prosecutor, requested 20-year prison sentences for Alfredo H. and Indrit K. in the Black Eagle case, related to a large drug trafficking operation. She identified these two Albanian nationals as the leaders of the criminal organisation responsible for the drug trafficking operation. Prosecution evidence includes cocaine seizures conducted throughout the investigation launched in 2020, with an estimated value of €13.42 million. Alfredo H., pinpointed as one of the operation’s heads, was found to have connections with Italian mafia groups established in Limburg and heads of a larger organisation based in Majorca. ""They implemented modern business methods, sharing resources, workforce, and equipment,"" explained the prosecutor.","[{'text': 'https://www.brusselstimes.com/justice-belgium/1011990/two-alleged-leaders-of-vast-drug-trafficking-operation-looking-at-20-years-in-prison', 'label': 'GPE'}, {'text': 'Thursday', 'label': 'DATE'}, {'text': 'the Brussels Criminal Court’s', 'label': 'ORG'}, {'text': '20-year', 'label': 'DATE'}, {'text': 'Alfredo H.', 'label': 'PERSON'}, {'text': 'Indrit K.', 'label': 'PERSON'}, {'text': 'two', 'label': 'CARDINAL'}, {'text': 'Albanian', 'label': 'NORP'}, {'text': '2020', 'label': 'DATE'}, {'text': '€13.42 million', 'label': 'MONEY'}, {'text': 'Alfredo H.', 'label': 'PERSON'}, {'text': 'Italian', 'label': 'NORP'}, {'text': 'Limburg', 'label': 'GPE'}, {'text': 'Majorca', 'label': 'ORG'}]"
news_excerpts_parsed.xlsx,,"https://www.expats.cz/czech-news/article/former-czech-mp-gets-three-year-jail-term-for-multiple-charges-of-rape The Prague 3 District Court this morning sentenced former member of parliament (MP) Dominik Feri to three years in prison for two rapes and one attempted rape, finding him guilty on all counts of his indictments. Feri, 27, has also been ordered to pay a total of over CZK 500,000 as financial compensation to his victims. The verdict is not final and Feri is expected to appeal it to the Prague Metropolitan Court. An MP for the TOP 09 party between 2017 and 2021, Feri is accused of committing two acts in his apartment in 2016 and once at the Chamber of Deputies building two years later.","[{'text': '3', 'label': 'CARDINAL'}, {'text': 'this morning', 'label': 'TIME'}, {'text': 'Dominik Feri', 'label': 'PERSON'}, {'text': 'three years', 'label': 'DATE'}, {'text': 'two', 'label': 'CARDINAL'}, {'text': 'one', 'label': 'CARDINAL'}, {'text': 'Feri', 'label': 'ORG'}, {'text': '27', 'label': 'DATE'}, {'text': 'over CZK 500,000', 'label': 'CARDINAL'}, {'text': 'Feri', 'label': 'ORG'}, {'text': 'the Prague Metropolitan Court', 'label': 'ORG'}, {'text': '09', 'label': 'CARDINAL'}, {'text': 'between 2017 and 2021', 'label': 'CARDINAL'}, {'text': 'Feri', 'label': 'ORG'}, {'text': 'two', 'label': 'CARDINAL'}, {'text': '2016', 'label': 'DATE'}, {'text': 'the Chamber of Deputies', 'label': 'ORG'}, {'text': 'two years later', 'label': 'DATE'}]"
news_excerpts_parsed.xlsx,,"https://www.thelocal.dk/20240311/british-trader-on-trial-in-denmark-for-massive-fraud Sanjay Shah, who was arrested in June 2022 in Dubai where he was living, is accused of running a nine-billion-kroner ($1.32-billion) scam that enabled companies he controlled to fraudulently claim Danish tax refunds between 2012 and 2015. Shah, 53, has said he is not guilty and did not violate Danish law. He faces up to 12 years in prison if the Glostrup district court in Copenhagen finds him guilty. The United Arab Emirates extradited Shah to Denmark in December, after years of negotiations which included the signing of an extradition treaty between the two countries in March 2022. The prosecution said in a statement that Shah had ""used a well-designed and organised fraud scheme to submit more than 3,000 applications to unlawfully receive more than nine billion kroner in dividend tax refunds from the Treasury.""","[{'text': 'Sanjay Shah', 'label': 'PERSON'}, {'text': 'June 2022', 'label': 'DATE'}, {'text': 'Dubai', 'label': 'GPE'}, {'text': 'nine-billion-kroner', 'label': 'MONEY'}, {'text': '$1.32-billion', 'label': 'MONEY'}, {'text': 'Danish', 'label': 'NORP'}, {'text': 'between 2012 and 2015', 'label': 'DATE'}, {'text': 'Shah', 'label': 'PERSON'}, {'text': '53', 'label': 'DATE'}, {'text': 'Danish', 'label': 'NORP'}, {'text': 'up to 12 years', 'label': 'DATE'}, {'text': 'Copenhagen', 'label': 'LOC'}, {'text': 'The United Arab Emirates', 'label': 'ORG'}, {'text': 'Shah', 'label': 'PERSON'}, {'text': 'Denmark', 'label': 'GPE'}, {'text': 'December', 'label': 'DATE'}, {'text': 'years', 'label': 'DATE'}, {'text': 'two', 'label': 'CARDINAL'}, {'text': 'March 2022', 'label': 'DATE'}, {'text': 'Shah', 'label': 'PERSON'}, {'text': 'more than 3,000', 'label': 'CARDINAL'}, {'text': 'more than nine billion kroner', 'label': 'MONEY'}, {'text': 'Treasury', 'label': 'ORG'}]"
news_excerpts_parsed.xlsx,,"https://edition.cnn.com/2022/08/02/europe/brittney-griner-trial-russia-tuesday/index.html The examination of the substance contained in vape cartridges that WNBA star Brittney Griner’s carried at a Moscow airport in February did not comply with Russian law, a defense expert testified Tuesday in her high-stakes drug-smuggling trial. Among the violations is that results of the examination do not show the amount of THC in the substance, Griner’s lawyer, Maria Blagovolina, said after the hearing. “The examination does not comply with the law in terms of the completeness of the study and does not comply with the norms of the Code of Criminal Procedure,” forensic chemist Dmitry Gladyshev testified for the defense during the roughly two-hour session. The defense also interrogated prosecution expert Alexander Korablyov, who examined Griner’s cartridges taken from her luggage.","[{'text': 'WNBA', 'label': 'ORG'}, {'text': 'Brittney Griner', 'label': 'PERSON'}, {'text': 'Moscow', 'label': 'GPE'}, {'text': 'February', 'label': 'DATE'}, {'text': 'Russian', 'label': 'NORP'}, {'text': 'Tuesday', 'label': 'DATE'}, {'text': 'THC', 'label': 'ORG'}, {'text': 'Griner', 'label': 'PERSON'}, {'text': 'Maria Blagovolina', 'label': 'PERSON'}, {'text': 'the Code of Criminal Procedure', 'label': 'LAW'}, {'text': 'Dmitry Gladyshev', 'label': 'PERSON'}, {'text': 'two-hour', 'label': 'TIME'}, {'text': 'Alexander Korablyov', 'label': 'PERSON'}, {'text': 'Griner', 'label': 'PERSON'}]"
news_excerpts_parsed.xlsx,,"https://edition.cnn.com/2018/04/16/politics/pruitt-soundproof-booth/index.html The $43,000 purchase of a soundproof booth for Environmental Protection Agency Administrator Scott Pruitt’s office violated federal law, the Government Accountability Office concluded Monday. The GAO, a government spending watchdog that reports to Congress, cites a requirement that executive branch agencies must notify Congress before spending more than $5,000 on certain office improvements. “Because EPA violated this statutory requirement, we also conclude that EPA violated the Antideficiency Act and should report its violation to the Congress and the President as required by law,” GAO said in a statement by one of its attorneys, Julie Matta. GAO’s conclusions, outlined in a letter to congressional Democrats, relate to the legality of the purchase and not whether the booth was an appropriate use of taxpayer dollars.","[{'text': '43,000', 'label': 'MONEY'}, {'text': 'Environmental Protection Agency', 'label': 'ORG'}, {'text': 'Scott Pruitt', 'label': 'PERSON'}, {'text': 'the Government Accountability Office', 'label': 'ORG'}, {'text': 'Monday', 'label': 'DATE'}, {'text': 'GAO', 'label': 'ORG'}, {'text': 'Congress', 'label': 'ORG'}, {'text': 'Congress', 'label': 'ORG'}, {'text': 'more than $5,000', 'label': 'MONEY'}, {'text': 'EPA', 'label': 'ORG'}, {'text': 'EPA', 'label': 'ORG'}, {'text': 'Congress', 'label': 'ORG'}, {'text': 'GAO', 'label': 'ORG'}, {'text': 'one', 'label': 'CARDINAL'}, {'text': 'Julie Matta', 'label': 'PERSON'}, {'text': 'GAO', 'label': 'ORG'}, {'text': 'Democrats', 'label': 'NORP'}]"
news_excerpts_parsed.xlsx,,"https://news.postimees.ee/7416922/estonian-police-nab-boss-of-lithuanian-car-thieves It is no secret that Lithuanian car thieves have been a nuisance in Estonia for over a decade. The recent conviction of Aurimas Skirgaila, regarded as one of the principal architects of a recent wave of car theft in Estonia, in the Tartu County Court marks the first time a Lithuanian criminal has been convicted of creating a criminal organization in Estonia. South District Prosecutor Aro Siinmaa said that proceedings involving Lithuanian car thieves are far from over. “There have been four rulings concerning this group alone, while there are numerous other persons with ties to the criminal organization whom it has proved impossible to bring to Estonia for various reasons,” Siinmaa said. This is the first time more light can be shed on the success of Estonian authorities as the leader of the group has been found guilty in court.","[{'text': 'Lithuanian', 'label': 'NORP'}, {'text': 'Estonia', 'label': 'GPE'}, {'text': 'Aurimas Skirgaila', 'label': 'PERSON'}, {'text': 'Estonia', 'label': 'GPE'}, {'text': 'the Tartu County Court', 'label': 'ORG'}, {'text': 'first', 'label': 'ORDINAL'}, {'text': 'Lithuanian', 'label': 'NORP'}, {'text': 'Estonia', 'label': 'GPE'}, {'text': 'South District', 'label': 'LOC'}, {'text': 'Aro Siinmaa', 'label': 'PERSON'}, {'text': 'Lithuanian', 'label': 'NORP'}, {'text': 'four', 'label': 'CARDINAL'}, {'text': 'Estonia', 'label': 'GPE'}, {'text': 'Siinmaa', 'label': 'NORP'}, {'text': 'first', 'label': 'ORDINAL'}, {'text': 'Estonian', 'label': 'NORP'}]"
news_excerpts_parsed.xlsx,,"https://yle.fi/a/3-12659444 The Helsinki District Court has handed down several lengthy prison sentences in a wide-ranging narcotics network case with 23 defendants and almost 70 charges. Most of the verdicts were given for serious drug offences committed between 2019 and 2021 in different parts of the Helsinki metropolitan area. A total of 16 defendants received prison sentences, while three received suspended sentences. According to the court, the drug ring trafficked considerable quantities of illegal narcotics into Finland. Estimates by the police place the street value of the drugs to be at about six million euros. The district court sentenced Teemu Juhani Kirves— the head of a Sweden-based drug syndicate — to four years in prison for several aggravated narcotics offences.","[{'text': 'https://yle.fi/a/3-12659444', 'label': 'GPE'}, {'text': 'The Helsinki District Court', 'label': 'ORG'}, {'text': '23', 'label': 'CARDINAL'}, {'text': 'almost 70', 'label': 'CARDINAL'}, {'text': 'between 2019 and 2021', 'label': 'CARDINAL'}, {'text': 'Helsinki', 'label': 'GPE'}, {'text': '16', 'label': 'CARDINAL'}, {'text': 'three', 'label': 'CARDINAL'}, {'text': 'the drug ring trafficked', 'label': 'ORG'}, {'text': 'Finland', 'label': 'GPE'}, {'text': 'about six million euros', 'label': 'QUANTITY'}, {'text': 'Teemu Juhani Kirves', 'label': 'PERSON'}, {'text': 'Sweden', 'label': 'GPE'}, {'text': 'four years', 'label': 'DATE'}]"
news_excerpts_parsed.xlsx,,"https://icelandmonitor.mbl.is/news/news/2021/10/21/sentenced_to_16_years_in_prison/ This morning, Angjelin Sterkaj was sentenced to 16 years in prison for the murder of Armando Beqirai, an Albanian citizen in his 30s, shot multiple times in front of his home on the street Rauðagerði, Reykjavík, February 13, mbl.is reports. The case, commonly referred to as the Rauðagerði Case , was a crime that shook Icelandic society, for it “ ha[d] all the characteristics of an execution in a most typical Reykjavík neighborhood ,” as a criminologist described it. The other three people charged — two men and a woman — have been acquitted of the prosecution’s charges. They were charged with being accomplices to the crime. The sentence was pronounced in the Reykjavík District Court. Sterkaj was not present in the court room, but he had previously confessed to killing Beqirai, claiming he did so in self-defense.","[{'text': 'This morning', 'label': 'TIME'}, {'text': 'Angjelin Sterkaj', 'label': 'PERSON'}, {'text': '16 years', 'label': 'DATE'}, {'text': 'Armando Beqirai', 'label': 'PERSON'}, {'text': 'Albanian', 'label': 'NORP'}, {'text': '30s', 'label': 'DATE'}, {'text': 'Rauðagerði', 'label': 'PERSON'}, {'text': 'Reykjavík', 'label': 'GPE'}, {'text': 'February 13', 'label': 'DATE'}, {'text': 'the Rauðagerði Case', 'label': 'FAC'}, {'text': 'Icelandic', 'label': 'NORP'}, {'text': 'Reykjavík', 'label': 'ORG'}, {'text': 'three', 'label': 'CARDINAL'}, {'text': 'two', 'label': 'CARDINAL'}, {'text': 'the Reykjavík District Court', 'label': 'ORG'}, {'text': 'Sterkaj', 'label': 'PERSON'}, {'text': 'Beqirai', 'label': 'PERSON'}]"
news_excerpts_parsed.xlsx,,"https://www.ndtv.com/world-news/renault-nissan-alliance-carlos-ghosn-france-issues-international-arrest-warrant-against-ex-nissan-head-2909763 French authorities have issued an international arrest warrant for Carlos Ghosn, the disgraced auto tycoon who jumped bail in Japan and fled to Lebanon in a sensational getaway, prosecutors told AFP on Friday The warrant was issued over 15 million euros ($16.3 million) in suspect payments between the Renault-Nissan alliance that Ghosn once headed and an Omani company, Suhail Bahwan Automobiles (SBA), said prosecutors in the Paris suburb of Nanterre. Ghosn, then chief of Nissan chief and head of an alliance between Renault, Nissan and Mitsubishi Motors, was detained in Japan in November 2018 on suspicion of financial misconduct along with his top aide, Greg Kelly. They both denied wrongdoing.","[{'text': 'French', 'label': 'NORP'}, {'text': 'Carlos Ghosn', 'label': 'PERSON'}, {'text': 'Japan', 'label': 'GPE'}, {'text': 'Lebanon', 'label': 'GPE'}, {'text': 'AFP', 'label': 'ORG'}, {'text': 'Friday', 'label': 'DATE'}, {'text': 'over 15 million euros', 'label': 'MONEY'}, {'text': '$16.3 million', 'label': 'MONEY'}, {'text': 'Renault', 'label': 'ORG'}, {'text': 'Ghosn', 'label': 'GPE'}, {'text': 'Omani', 'label': 'PERSON'}, {'text': 'Suhail Bahwan Automobiles', 'label': 'PERSON'}, {'text': 'SBA', 'label': 'ORG'}, {'text': 'Paris', 'label': 'GPE'}, {'text': 'Nanterre', 'label': 'EVENT'}, {'text': 'Nissan', 'label': 'ORG'}, {'text': 'Renault', 'label': 'ORG'}, {'text': 'Nissan', 'label': 'ORG'}, {'text': 'Mitsubishi Motors', 'label': 'ORG'}, {'text': 'Japan', 'label': 'GPE'}, {'text': 'November 2018', 'label': 'DATE'}, {'text': 'Greg Kelly', 'label': 'PERSON'}]"
news_excerpts_parsed.xlsx,,"https://edition.cnn.com/2023/04/19/tech/china-seagate-huawei-penalty-hnk-intl/index.html Seagate Technology has agreed to pay a $300 million penalty in a settlement with US authorities for shipping over $1.1 billion worth of hard disk drives to China’s Huawei in violation of US export control laws, the Department of Commerce said on Wednesday. Seagate (STX) sold the drives to Huawei between August 2020 and September 2021 despite an August 2020 rule that restricted sales of certain foreign items made with US technology to the company. Huawei was placed on the Entity List, a US trade blacklist, in 2019 to reduce the sale of US goods to the company amid national security and foreign policy concerns. The penalty represents the latest in a string of actions by Washington to keep sophisticated technology from China that may support its military, enable human rights abuses or otherwise threaten US security.","[{'text': 'https://edition.cnn.com/2023/04/19/tech/china-seagate-huawei-penalty-hnk-intl/index.html Seagate Technology', 'label': 'ORG'}, {'text': '$300 million', 'label': 'MONEY'}, {'text': 'US', 'label': 'GPE'}, {'text': 'over $1.1 billion', 'label': 'MONEY'}, {'text': 'China', 'label': 'GPE'}, {'text': 'Huawei', 'label': 'ORG'}, {'text': 'US', 'label': 'GPE'}, {'text': 'the Department of Commerce', 'label': 'ORG'}, {'text': 'Wednesday', 'label': 'DATE'}, {'text': 'Seagate', 'label': 'ORG'}, {'text': 'STX', 'label': 'ORG'}, {'text': 'Huawei', 'label': 'ORG'}, {'text': 'between August 2020', 'label': 'DATE'}, {'text': 'September 2021', 'label': 'DATE'}, {'text': 'August 2020', 'label': 'DATE'}, {'text': 'US', 'label': 'GPE'}, {'text': 'Huawei', 'label': 'ORG'}, {'text': 'US', 'label': 'GPE'}, {'text': '2019', 'label': 'DATE'}, {'text': 'US', 'label': 'GPE'}, {'text': 'Washington', 'label': 'GPE'}, {'text': 'China', 'label': 'GPE'}, {'text': 'US', 'label': 'GPE'}]"
news_excerpts_parsed.xlsx,,"https://www.channelnewsasia.com/asia/woman-plead-guilty-negligence-caring-2-babies-nurul-shahira-3504176 A Malaysian woman pleaded guilty on Sunday (May 21) to negligence while caring for two babies at a childcare centre in Skudai, Johor. Nurul Shahira A'shiqin Sulaiman pleaded guilty at the Johor Bahru Sessions Court to two charges of negligence that may have led to physical injury to an 11-month girl and a nine-month boy. Last week, Johor police chief Kamarul Zaman Mamat told local media that 28-year-old Nurul Shahira A’shiqin had been arrested by local cops in Skudai. He confirmed that this was the same woman who was seen in two video clips treating two infants inappropriately. The clips have been circulated widely on WhatsApp and Telegram.","[{'text': 'https://www.channelnewsasia.com/asia/woman-plead-guilty-negligence-caring-2-babies-nurul-shahira-3504176', 'label': 'ORG'}, {'text': 'Malaysian', 'label': 'NORP'}, {'text': 'Sunday', 'label': 'DATE'}, {'text': 'May 21', 'label': 'DATE'}, {'text': 'two', 'label': 'CARDINAL'}, {'text': 'Skudai', 'label': 'ORG'}, {'text': 'Johor', 'label': 'GPE'}, {'text': ""Nurul Shahira A'shiqin"", 'label': 'PERSON'}, {'text': 'Sulaiman', 'label': 'PERSON'}, {'text': 'the Johor Bahru Sessions Court', 'label': 'ORG'}, {'text': 'two', 'label': 'CARDINAL'}, {'text': '11-month', 'label': 'DATE'}, {'text': 'nine-month', 'label': 'DATE'}, {'text': 'Last week', 'label': 'DATE'}, {'text': 'Johor', 'label': 'GPE'}, {'text': 'Kamarul Zaman Mamat', 'label': 'PERSON'}, {'text': '28-year-old', 'label': 'DATE'}, {'text': 'Nurul Shahira A’shiqin', 'label': 'ORG'}, {'text': 'Skudai', 'label': 'ORG'}, {'text': 'two', 'label': 'CARDINAL'}, {'text': 'two', 'label': 'CARDINAL'}, {'text': 'WhatsApp', 'label': 'ORG'}, {'text': 'Telegram', 'label': 'ORG'}]"
news_excerpts_parsed.xlsx,,"https://edition.cnn.com/2023/05/03/business/mcdonalds-child-labor-louisville/index.html Two 10-year-old children were found working at a Louisville McDonald’s restaurant — sometimes until 2 a.m. — the US Department of Labor said Tuesday. The revelation was part of an investigation into the child labor law violations in the Southeast. The agency also found three franchisees that own more than 60 McDonald’s locations in Kentucky, Indiana, Maryland and Ohio, “employed 305 children to work more than the legally permitted hours and perform tasks prohibited by law for young workers,” the Labor Department said in a statement. “Investigators from the department’s Wage and Hour Division found two 10-year-old workers at a Louisville McDonald’s restaurant among many violations of federal labor laws committed by three Kentucky McDonald’s franchise operators,” the release said. “Investigators also determined two 10-year-old children were employed – but not paid – and sometimes worked as late as 2 a.m.”","[{'text': 'Two', 'label': 'CARDINAL'}, {'text': '10-year-old', 'label': 'DATE'}, {'text': 'Louisville', 'label': 'GPE'}, {'text': 'McDonald', 'label': 'ORG'}, {'text': '2 a.m.', 'label': 'TIME'}, {'text': 'the US Department of Labor', 'label': 'ORG'}, {'text': 'Tuesday', 'label': 'DATE'}, {'text': 'Southeast', 'label': 'LOC'}, {'text': 'three', 'label': 'CARDINAL'}, {'text': 'more than 60', 'label': 'CARDINAL'}, {'text': 'McDonald', 'label': 'ORG'}, {'text': 'Kentucky', 'label': 'GPE'}, {'text': 'Indiana', 'label': 'GPE'}, {'text': 'Maryland', 'label': 'GPE'}, {'text': 'Ohio', 'label': 'GPE'}, {'text': '305', 'label': 'CARDINAL'}, {'text': 'the Labor Department', 'label': 'ORG'}, {'text': 'Wage and Hour Division', 'label': 'ORG'}, {'text': 'two', 'label': 'CARDINAL'}, {'text': '10-year-old', 'label': 'DATE'}, {'text': 'Louisville', 'label': 'GPE'}, {'text': 'McDonald', 'label': 'ORG'}, {'text': 'three', 'label': 'CARDINAL'}, {'text': 'Kentucky', 'label': 'ORG'}, {'text': 'McDonald', 'label': 'ORG'}, {'text': 'two', 'label': 'CARDINAL'}, {'text': '10-year-old', 'label': 'DATE'}]"
news_excerpts_parsed.xlsx,,"https://edition.cnn.com/2023/04/07/europe/russia-chinese-lgbtq-blogger-arrested-intl/index.html Russian authorities arrested a Chinese LGBTQ blogger Wednesday for allegedly violating a law that bans so-called same-sex “propaganda,” according to Adel Khaydarshin, a lawyer representing the blogger and his partner. Chinese national Haoyang Xu was found guilty during a hearing Thursday, Khaydarshin said. He’s being held in a temporary detention center for foreigners and faces deportation from Russia, according to a statement from the court that Khaydarshin gave to CNN. This comes months after Russian President Vladimir Putin signed a bill that expanded an existing ban on so-called LGBTQ “propaganda” in Russia. It made it illegal for anyone to promote same-sex relationships or suggest that non-heterosexual orientations are “normal.”","[{'text': 'Russian', 'label': 'NORP'}, {'text': 'Chinese', 'label': 'NORP'}, {'text': 'LGBTQ', 'label': 'ORG'}, {'text': 'Wednesday', 'label': 'DATE'}, {'text': 'Adel Khaydarshin', 'label': 'PERSON'}, {'text': 'Chinese', 'label': 'NORP'}, {'text': 'Haoyang Xu', 'label': 'PERSON'}, {'text': 'Thursday', 'label': 'DATE'}, {'text': 'Khaydarshin', 'label': 'ORG'}, {'text': 'Russia', 'label': 'GPE'}, {'text': 'Khaydarshin', 'label': 'PERSON'}, {'text': 'CNN', 'label': 'ORG'}, {'text': 'This comes', 'label': 'DATE'}, {'text': 'months', 'label': 'DATE'}, {'text': 'Russian', 'label': 'NORP'}, {'text': 'Vladimir Putin', 'label': 'PERSON'}, {'text': 'LGBTQ', 'label': 'PRODUCT'}, {'text': 'Russia', 'label': 'GPE'}]"
news_excerpts_parsed.xlsx,,"https://edition.cnn.com/2021/07/30/tech/amazon-eu-privacy-fine/index.html Amazon (AMZN) faces a record-breaking €746 million (roughly $887 million) fine after a European Union data privacy regulator said the e-commerce giant had violated the bloc’s signature privacy law, known as GDPR, in an advertising-related decision. The fine was imposed on July 16 and disclosed Friday in a financial filing. It is the largest in the law’s three-year history, followed by Google’s 2019 fine of €50 million. Regulators said Amazon’s processing of personal data didn’t comply with GDPR requirements, and the company acknowledged it has been ordered to change its business practices. Amazon said the regulatory decision was “without merit” and added that it plans to “defend ourselves vigorously in this matter.”","[{'text': 'Amazon', 'label': 'ORG'}, {'text': 'AMZN', 'label': 'ORG'}, {'text': '€746 million', 'label': 'MONEY'}, {'text': 'roughly $887 million', 'label': 'MONEY'}, {'text': 'European Union', 'label': 'ORG'}, {'text': 'GDPR', 'label': 'ORG'}, {'text': 'July 16', 'label': 'DATE'}, {'text': 'Friday', 'label': 'DATE'}, {'text': 'three-year', 'label': 'DATE'}, {'text': 'Google', 'label': 'ORG'}, {'text': '2019', 'label': 'CARDINAL'}, {'text': '€50 million', 'label': 'MONEY'}, {'text': 'Amazon', 'label': 'ORG'}, {'text': 'GDPR', 'label': 'ORG'}, {'text': 'Amazon', 'label': 'ORG'}]"
news_excerpts_parsed.xlsx,,"https://edition.cnn.com/2024/03/07/europe/portugal-election-intl-cmd/index.html The party has flirted with extremism and has been accused racism. Ventura himself has been tried and convicted for making offensive, racist remarks in reference to a Black family from one of Portugal’s poorest neighborhoods, a conviction that the Supreme Court upheld. The party has denied accusations of racism, but some members, and many of its supporters, openly flaunt hateful narratives on social media. Ventura also once wrote on social media that a fellow MP, who holds dual Portuguese-Guinean citizenship, should “return to your own country.” But as with like-minded movements, Chega seems to have brushed the criticism aside and has continued to grow.","[{'text': 'Ventura', 'label': 'GPE'}, {'text': 'one', 'label': 'CARDINAL'}, {'text': 'Portugal', 'label': 'GPE'}, {'text': 'the Supreme Court', 'label': 'ORG'}, {'text': 'Ventura', 'label': 'GPE'}, {'text': 'Portuguese-Guinean', 'label': 'NORP'}, {'text': 'Chega', 'label': 'PERSON'}]"
news_excerpts_parsed.xlsx,,"https://edition.cnn.com/2010/WORLD/europe/10/20/czech.republic.arson.verdict/index.html Four Czech neo-Nazis were sentenced Wednesday to long prison terms and steep fines for an arson attack on the house of a Roma, or Gypsy, family, which nearly killed a 2-year-old girl, the national news agency reported. David Vaculik, Ivo Mueller, Jaromir Lukes and Vaclav Cojocaru were found guilty of throwing Molotov cocktails at the house in April 2009, in an attack to mark Adolf Hitler's birthday, the Czech News Agency reported. Vaculik, Mueller and Lukes each were sentenced to 22 years in a high-security prison. Cojocaru got 20 years. They were also ordered to pay more than 17 million Czech crowns ($968,000) in medical treatment and compensation. All four men filed an appeal immediately, the agency reported. The Ostrava Regional Court in the northeast of the Czech Republic found them guilty of attempted murder and damage to property.","[{'text': 'Four', 'label': 'CARDINAL'}, {'text': 'Czech', 'label': 'NORP'}, {'text': 'Wednesday', 'label': 'DATE'}, {'text': 'Roma', 'label': 'ORG'}, {'text': 'Gypsy', 'label': 'PERSON'}, {'text': '2-year-old', 'label': 'DATE'}, {'text': 'David Vaculik', 'label': 'PERSON'}, {'text': 'Ivo Mueller', 'label': 'PERSON'}, {'text': 'Jaromir Lukes', 'label': 'PERSON'}, {'text': 'Vaclav Cojocaru', 'label': 'PERSON'}, {'text': 'April 2009', 'label': 'DATE'}, {'text': ""Adolf Hitler's"", 'label': 'PERSON'}, {'text': 'the Czech News Agency', 'label': 'ORG'}, {'text': 'Vaculik', 'label': 'ORG'}, {'text': 'Mueller', 'label': 'ORG'}, {'text': 'Lukes', 'label': 'GPE'}, {'text': '22 years', 'label': 'DATE'}, {'text': 'Cojocaru', 'label': 'ORG'}, {'text': '20 years', 'label': 'DATE'}, {'text': 'more than 17 million', 'label': 'MONEY'}, {'text': 'Czech', 'label': 'NORP'}, {'text': '968,000', 'label': 'MONEY'}, {'text': 'four', 'label': 'CARDINAL'}, {'text': 'The Ostrava Regional Court', 'label': 'ORG'}, {'text': 'the Czech Republic', 'label': 'GPE'}]"
news_excerpts_parsed.xlsx,,"https://www.channelnewsasia.com/asia/tony-chung-exiled-activist-hong-kong-says-paid-informant-china-4016916 The former leader of a Hong Kong pro-independence group says he received up to HK$3,000 from security officers per meeting to become an informant when he was released from jail in June before he fled to Britain and sought political asylum. In November 2021, Tony Chung, who was then 20, was sentenced to 43 months in prison for trying to separate the city from China, and for money laundering. Chung was charged with secession under a sweeping national security law imposed by China in 2020 and denied bail. He pleaded guilty. He said on Thursday (Dec 28) he fled to Britain after he was freed and had formally applied for political asylum.","[{'text': 'Hong Kong', 'label': 'GPE'}, {'text': 'up to HK$3,000', 'label': 'CARDINAL'}, {'text': 'June', 'label': 'DATE'}, {'text': 'Britain', 'label': 'GPE'}, {'text': 'November 2021', 'label': 'DATE'}, {'text': 'Tony Chung', 'label': 'PERSON'}, {'text': '20', 'label': 'CARDINAL'}, {'text': '43 months', 'label': 'DATE'}, {'text': 'China', 'label': 'GPE'}, {'text': 'Chung', 'label': 'PERSON'}, {'text': 'China', 'label': 'GPE'}, {'text': '2020', 'label': 'DATE'}, {'text': 'Thursday', 'label': 'DATE'}, {'text': 'Dec 28', 'label': 'DATE'}, {'text': 'Britain', 'label': 'GPE'}]"
news_excerpts_parsed.xlsx,,"https://edition.cnn.com/2024/01/22/europe/ian-bailey-murder-dead-scli-intl/index.html A British man long suspected of killing the wife of a famous French film producer in Ireland has died at age 66, according to his lawyer. Back in 2019, the Paris Criminal Court convicted Ian Bailey in absentia of the murder of TV producer Sophie Toscan du Plantier and sentenced him to 25 years’ imprisonment. Bailey, a former journalist, had denied involvement in the murder, which has been the subject of a popular podcast series and two TV documentaries, including one on Netflix. On December 23, 1996, 39-year-old Toscan du Plantier was found bludgeoned to death near the gate of her vacation home near Toormore, in Ireland’s West Cork region. Police found some 50 wounds on her body.","[{'text': 'British', 'label': 'NORP'}, {'text': 'French', 'label': 'NORP'}, {'text': 'Ireland', 'label': 'GPE'}, {'text': 'age 66', 'label': 'DATE'}, {'text': '2019', 'label': 'DATE'}, {'text': 'the Paris Criminal Court', 'label': 'ORG'}, {'text': 'Ian Bailey', 'label': 'PERSON'}, {'text': 'Sophie Toscan du Plantier', 'label': 'PERSON'}, {'text': '25 years', 'label': 'DATE'}, {'text': 'Bailey', 'label': 'PERSON'}, {'text': 'two', 'label': 'CARDINAL'}, {'text': 'one', 'label': 'CARDINAL'}, {'text': 'Netflix', 'label': 'ORG'}, {'text': 'December 23, 1996', 'label': 'DATE'}, {'text': '39-year-old', 'label': 'DATE'}, {'text': 'Toscan du Plantier', 'label': 'PERSON'}, {'text': 'Ireland', 'label': 'GPE'}, {'text': 'West Cork', 'label': 'LOC'}, {'text': 'some 50', 'label': 'CARDINAL'}]"
news_excerpts_parsed.xlsx,,"https://edition.cnn.com/2020/06/15/sport/daniel-kinahan-tyson-fury-anthony-joshua-boxing-ireland-spt-intl/index.html In 2018 at the Irish High Court, a judgment was delivered against the Byrne Organized Crime Group, which it said is part of a wider international Kinahan Organized Crime Group. The court heard that the Kinahan Organized Crime Group was involved in the “importation and distribution of controlled drugs and firearms into Ireland, the UK and mainland Europe” and that operations of “drug trafficking are managed and controlled” by Daniel Kinahan. The law firm representing Kinahan did not respond to CNN’s question as to where the Irishman was currently based, though it’s been widely reportedly he’s living in the United Arab Emirates.","[{'text': '2018', 'label': 'DATE'}, {'text': 'the Irish High Court', 'label': 'ORG'}, {'text': 'the Byrne Organized Crime Group', 'label': 'ORG'}, {'text': 'Kinahan Organized Crime Group', 'label': 'ORG'}, {'text': 'the Kinahan Organized Crime Group', 'label': 'ORG'}, {'text': 'Ireland', 'label': 'GPE'}, {'text': 'UK', 'label': 'GPE'}, {'text': 'Europe', 'label': 'LOC'}, {'text': 'Daniel Kinahan', 'label': 'PERSON'}, {'text': 'Kinahan', 'label': 'PERSON'}, {'text': 'CNN', 'label': 'ORG'}, {'text': 'Irishman', 'label': 'NORP'}, {'text': 'the United Arab Emirates', 'label': 'GPE'}]"
news_excerpts_parsed.xlsx,,"https://www.channelnewsasia.com/singapore/red-crowns-senior-living-fined-offence-nursing-home-alternative-4233926 Red Crowns Senior Living has been fined after the Ministry of Manpower (MOM) found that the company had engaged in illegal employment practices. The assisted co-living agency illegally hired and deployed migrant domestic workers to provide caregiving services, allowing it to circumvent its foreign manpower quota and pay lower levy rates, the ministry told CNA on Monday (Apr 1). Red Crowns had also placed legal responsibilities on their elderly clients, who employed migrant domestic workers but did not have control over their work and welfare, MOM added. ""The company and its directors have been issued composition fines for offences under the Employment of Foreign Manpower Act,"" the ministry said, without mentioning the exact amount fined.","[{'text': 'Red Crowns Senior Living', 'label': 'ORG'}, {'text': 'the Ministry of Manpower', 'label': 'ORG'}, {'text': 'CNA', 'label': 'GPE'}, {'text': 'Monday', 'label': 'DATE'}, {'text': 'Red Crowns', 'label': 'ORG'}, {'text': 'the Employment of Foreign Manpower Act', 'label': 'ORG'}]"
news_excerpts_parsed.xlsx,,"https://www.straitstimes.com/singapore/all-natural-eczema-cream-found-to-have-over-430-times-the-allowed-limit-of-arsenic-hsa An eczema cream touted to be “all natural” and “steroid-free” contains excessive levels of arsenic and a potent steroid, the Health Sciences Authority (HSA) said. The agency issued the warning on Nov 21 after a man in his 30s, who had bought Euzema Confidence Revival Cream online and used it for a year, suffered from purpura, or purplish red spots due to small bleeds under the skin. The man’s doctor suspected that his skin reaction was caused by a mineral containing arsenic, and reported his case to HSA. On the Malaysia-based retail website euzema.com, the cream is said to be “able to beat eczema for good with this powerful natural formula”, which is “steroid-free”, contains “100% all-natural herbs” and “has no side effects”. It is also sold on e-commerce platform Carousell.","[{'text': 'the Health Sciences Authority', 'label': 'ORG'}, {'text': 'HSA', 'label': 'ORG'}, {'text': 'Nov 21', 'label': 'DATE'}, {'text': '30s', 'label': 'DATE'}, {'text': 'Euzema Confidence Revival Cream', 'label': 'ORG'}, {'text': 'a year', 'label': 'DATE'}, {'text': 'HSA', 'label': 'ORG'}, {'text': 'Malaysia', 'label': 'GPE'}, {'text': '100%', 'label': 'PERCENT'}, {'text': 'Carousell', 'label': 'ORG'}]"
news_excerpts_parsed.xlsx,,"https://edition.cnn.com/2022/12/06/politics/trump-organization-fraud-trial-verdict/index.html A Manhattan jury has found two Trump Organization companies guilty on multiple charges of criminal tax fraud and falsifying business records connected to a 15-year scheme to defraud tax authorities by failing to report and pay taxes on compensation for top executives. The Trump Corp. and Trump Payroll Corp. were found guilty on all charges they faced. Donald Trump and his family were not charged in this case, but the former president was mentioned repeatedly during the trial by prosecutors about his connection to the benefits doled out to certain executives, including company-funded apartments, car leases and personal expenses. The Trump Organization could face a maximum of $1.61 million in fines when sentenced in mid-January. The company is not at risk of being dismantled because there is no mechanism under New York law that would dissolve the company. However, a felony conviction could impact its ability to do business or obtain loans or contracts.","[{'text': 'Manhattan', 'label': 'GPE'}, {'text': 'two', 'label': 'CARDINAL'}, {'text': 'Trump Organization', 'label': 'ORG'}, {'text': '15-year', 'label': 'DATE'}, {'text': 'The Trump Corp.', 'label': 'ORG'}, {'text': 'Trump Payroll Corp.', 'label': 'ORG'}, {'text': 'Donald Trump', 'label': 'PERSON'}, {'text': 'The Trump Organization', 'label': 'ORG'}, {'text': '$1.61 million', 'label': 'MONEY'}, {'text': 'mid-January', 'label': 'DATE'}, {'text': 'New York', 'label': 'GPE'}]"
news_excerpts_parsed.xlsx,,"https://www.straitstimes.com/singapore/courts-crime/company-director-gets-20-months-jail-152m-penalty-for-offences-related-to-iras-scheme A director of multiple companies was sentenced to 20 months’ jail and ordered to pay a penalty of $1,520,800 on Tuesday for offences committed in relation to a scheme that is meant to encourage businesses to invest in productivity and innovation. Sofian Osman, 43, pleaded guilty to nine charges of committing fraud in representing that several companies had incurred qualifying expenditure, so the firms could obtain cash payouts under the Productivity and Innovation Credit (PIC) Scheme. The offences were committed between 2014 and 2017. For these charges, cash payouts and bonuses totalling $430,600 were given by the Inland Revenue Authority of Singapore (Iras) to the various claimants as a result of the fraudulent claims. Sofian, who had another 16 similar charges taken into consideration for sentencing, had committed the offences with an accomplice, Muhammad Iskandar Abd Hakim, who was sentenced in July 2022.","[{'text': '20 months', 'label': 'DATE'}, {'text': '1,520,800', 'label': 'MONEY'}, {'text': 'Tuesday', 'label': 'DATE'}, {'text': 'Sofian Osman', 'label': 'PERSON'}, {'text': '43', 'label': 'DATE'}, {'text': 'nine', 'label': 'CARDINAL'}, {'text': 'the Productivity and Innovation Credit (PIC) Scheme', 'label': 'ORG'}, {'text': '2014', 'label': 'DATE'}, {'text': '2017', 'label': 'DATE'}, {'text': '430,600', 'label': 'MONEY'}, {'text': 'the Inland Revenue Authority of Singapore', 'label': 'ORG'}, {'text': 'Sofian', 'label': 'NORP'}, {'text': '16', 'label': 'CARDINAL'}, {'text': 'Muhammad Iskandar Abd Hakim', 'label': 'PERSON'}, {'text': 'July 2022', 'label': 'DATE'}]"
news_excerpts_parsed.xlsx,,"https://www.channelnewsasia.com/world/greta-thunberg-charged-again-disobeying-police-order-3773416 Swedish climate activist Greta Thunberg was charged with disobeying a police order on Friday (Sep 15), less than two months after she was convicted and fined for the same offence. Thunberg, 20, was fined 1,500 Swedish crowns (US$134) by a Swedish court on Jul 24 for failing to leave a protest when ordered by police. Straight after the verdict, Thunberg and other activists from the environmental group Reclaim the Future blocked the road for oil trucks in Malmo harbour and were again forcibly removed by police. ""The demonstration did not have a permit and it led to the blocking of car traffic. The woman refused to obey the police command to leave the scene,"" the prosecutor said in a statement.","[{'text': 'Swedish', 'label': 'NORP'}, {'text': 'Greta Thunberg', 'label': 'PERSON'}, {'text': 'Friday', 'label': 'DATE'}, {'text': 'less than two months', 'label': 'DATE'}, {'text': 'Thunberg', 'label': 'PERSON'}, {'text': '20', 'label': 'DATE'}, {'text': '1,500', 'label': 'CARDINAL'}, {'text': 'Swedish', 'label': 'NORP'}, {'text': '134', 'label': 'MONEY'}, {'text': 'Swedish', 'label': 'NORP'}, {'text': 'Jul 24', 'label': 'DATE'}, {'text': 'Thunberg', 'label': 'PERSON'}, {'text': 'Reclaim the Future', 'label': 'ORG'}, {'text': 'Malmo', 'label': 'LOC'}]"
news_excerpts_parsed.xlsx,,"https://www.reuters.com/world/china/hong-kong-court-convicts-four-rioting-after-2019-legislature-storming-2024-02-01/ A Hong Kong court on Thursday found four people guilty of rioting after the legislature of the financial centre was stormed during pro-democracy protests in 2019. The verdict comes after eight others had already plead guilty to charges over the incident when hundreds of protesters besieged Hong Kong's Legislative Council building on July 1, 2019. The incursion into the seat of government for the Chinese Special Administrative Region followed a protest march against a proposed extradition bill that would have allowed authorities to send individuals to mainland China for trial. District Court Judge Li Chi-ho found four people including Ho Chun-yin, actor Gregory Wong, Ng Chi-yung and Lam Kam-kwan guilty of rioting. Ho, who suffers from mild intellectual disability, cried inside the courtroom after the verdict was read.","[{'text': 'Hong Kong', 'label': 'GPE'}, {'text': 'Thursday', 'label': 'DATE'}, {'text': 'four', 'label': 'CARDINAL'}, {'text': '2019', 'label': 'DATE'}, {'text': 'eight', 'label': 'CARDINAL'}, {'text': 'hundreds', 'label': 'CARDINAL'}, {'text': ""Hong Kong's"", 'label': 'GPE'}, {'text': 'Legislative Council', 'label': 'ORG'}, {'text': 'July 1, 2019', 'label': 'DATE'}, {'text': 'the Chinese Special Administrative Region', 'label': 'ORG'}, {'text': 'China', 'label': 'GPE'}, {'text': 'District Court', 'label': 'ORG'}, {'text': 'Li Chi-ho', 'label': 'PERSON'}, {'text': 'four', 'label': 'CARDINAL'}, {'text': 'Ho Chun-yin', 'label': 'PERSON'}, {'text': 'Gregory Wong', 'label': 'PERSON'}, {'text': 'Ng Chi-yung', 'label': 'PERSON'}, {'text': 'Ho', 'label': 'PERSON'}]"
news_excerpts_parsed.xlsx,,"https://edition.cnn.com/2020/01/19/us/alaska-dentist-hoverboard-convicted-trnd/index.html A dentist in Anchorage, Alaska, has been convicted on dozens of charges after he was filmed extracting a patient’s tooth as he stood on a hoverboard, according to the Alaska Department of Law. Seth Lookhart was convicted on 46 felony and misdemeanor counts in Anchorage Superior Court on Friday by Judge Michael Wolverton, who called the evidence presented by the state during a five-week bench trial “overwhelming,” the Department of Law said in a news release. A lawsuit filed by the state in 2017 charged Lookhart with “unlawful dental acts,” saying his patient care did not meet professional standards. Lookhart, the lawsuit said, “performed a dental extraction procedure on a sedated patient while riding a hoverboard,” filmed the procedure and then sent it to several people.","[{'text': 'Anchorage', 'label': 'GPE'}, {'text': 'Alaska', 'label': 'GPE'}, {'text': 'dozens', 'label': 'CARDINAL'}, {'text': 'the Alaska Department of Law', 'label': 'ORG'}, {'text': 'Seth Lookhart', 'label': 'PERSON'}, {'text': '46', 'label': 'CARDINAL'}, {'text': 'Anchorage Superior Court', 'label': 'ORG'}, {'text': 'Friday', 'label': 'DATE'}, {'text': 'Michael Wolverton', 'label': 'PERSON'}, {'text': 'five-week', 'label': 'DATE'}, {'text': 'the Department of Law', 'label': 'ORG'}, {'text': '2017', 'label': 'CARDINAL'}, {'text': 'Lookhart', 'label': 'ORG'}, {'text': 'Lookhart', 'label': 'ORG'}]"
news_excerpts_parsed.xlsx,,"https://www.channelnewsasia.com/asia/vietnam-court-jails-soft-drinks-tycoon-40-miilion-scam-case-tan-hiep-phat-4291091 HO CHI MINH CITY: Vietnam's top soft drinks tycoon was jailed for eight years on Thursday (Apr 25) in a US$40 million fraud case – the latest high-profile business figure snared in the country's sweeping crackdown on corruption. The communist nation's wide-ranging campaign to wipe out endemic graft has seen more than 4,400 people charged with criminal offences, including officials and senior business figures. A court in Ho Chi Minh City found Tran Qui Thanh and his two daughters guilty of scamming investors over loans issued in 2019 and 2020. Thanh, the 71-year-old chairman of beverage group Tan Hiep Phat, was ruled to have masterminded scams to appropriate assets put up as collateral against loans, state media reported.","[{'text': 'HO CHI', 'label': 'PERSON'}, {'text': 'Vietnam', 'label': 'GPE'}, {'text': 'eight years', 'label': 'DATE'}, {'text': 'Thursday', 'label': 'DATE'}, {'text': 'US$40 million', 'label': 'MONEY'}, {'text': 'more than 4,400', 'label': 'CARDINAL'}, {'text': 'Ho Chi Minh City', 'label': 'PERSON'}, {'text': 'Tran Qui Thanh', 'label': 'PERSON'}, {'text': 'two', 'label': 'CARDINAL'}, {'text': '2019', 'label': 'DATE'}, {'text': '2020', 'label': 'DATE'}, {'text': '71-year-old', 'label': 'DATE'}, {'text': 'Tan Hiep Phat', 'label': 'PERSON'}]"
news_excerpts_parsed.xlsx,,"https://www.straitstimes.com/singapore/courts-crime/mfa-director-general-charged-over-use-of-diplomatic-bags-containing-panadol-luxury-watches A director-general of the Ministry of Foreign Affairs (MFA), Gilbert Oh Hin Kwan, was on Nov 23 charged with deceiving MFA, abetting the cheating of the ministry and giving false information to a public servant. Oh, a 44-year-old Singaporean, faces three charges. His name is not found on MFA’s website. Oh allegedly dishonestly concealed from MFA the fact that a package containing boxes of Panadol sent from Singapore to Beijing via the diplomatic bag service was for a personal acquaintance rather than for his colleague, Mr Dion Loke Cheng Wang. His charge stated that MFA accepted the package for dispatch in December 2022 on the basis that it was for Mr Loke. It would not have done so had it known the truth. Mr Loke is listed as a first secretary (political) of MFA’s Beijing embassy.","[{'text': 'the Ministry of Foreign Affairs', 'label': 'ORG'}, {'text': 'MFA', 'label': 'ORG'}, {'text': 'Gilbert Oh Hin Kwan', 'label': 'PERSON'}, {'text': 'Nov 23', 'label': 'DATE'}, {'text': 'MFA', 'label': 'ORG'}, {'text': '44-year-old', 'label': 'DATE'}, {'text': 'Singaporean', 'label': 'NORP'}, {'text': 'three', 'label': 'CARDINAL'}, {'text': 'MFA', 'label': 'ORG'}, {'text': 'MFA', 'label': 'ORG'}, {'text': 'Panadol', 'label': 'ORG'}, {'text': 'Singapore', 'label': 'GPE'}, {'text': 'Beijing', 'label': 'GPE'}, {'text': 'Dion Loke', 'label': 'PERSON'}, {'text': 'Cheng Wang', 'label': 'PERSON'}, {'text': 'MFA', 'label': 'ORG'}, {'text': 'December 2022', 'label': 'DATE'}, {'text': 'Mr Loke', 'label': 'PERSON'}, {'text': 'Loke', 'label': 'PERSON'}, {'text': 'first', 'label': 'ORDINAL'}, {'text': 'MFA', 'label': 'ORG'}, {'text': 'Beijing', 'label': 'GPE'}]"
news_excerpts_parsed.xlsx,,"https://www.straitstimes.com/tech/tech-news/singapore-firms-fined-75000-for-personal-data-lapses-affecting-over-600000-people Several companies have been fined a total of $75,000 for breaches and lapses that have affected more than 600,000 people's personal data, including their names and contact numbers, and, in some cases, financial information. This included the data of 98,000 Ministry of Defence staff and Singapore Armed Forces servicemen exposed during a breach in 2019 due to a well-known vulnerability that was knowingly left open for more than four years by healthcare training provider HMI Institute of Health Sciences. HMI was fined $35,000 for the incident, according to a judgment issued by the Personal Data Protection Commission (PDPC) last Thursday (June 10). The incident affected the data of more than 110,000 people in total, including 250 HMI employees.","[{'text': '75,000', 'label': 'MONEY'}, {'text': 'more than 600,000', 'label': 'CARDINAL'}, {'text': '98,000', 'label': 'CARDINAL'}, {'text': 'Defence', 'label': 'ORG'}, {'text': 'Singapore Armed Forces', 'label': 'ORG'}, {'text': '2019', 'label': 'DATE'}, {'text': 'more than four years', 'label': 'DATE'}, {'text': 'HMI Institute of Health Sciences', 'label': 'ORG'}, {'text': 'HMI', 'label': 'ORG'}, {'text': '35,000', 'label': 'MONEY'}, {'text': 'the Personal Data Protection Commission', 'label': 'ORG'}, {'text': 'PDPC', 'label': 'ORG'}, {'text': 'last Thursday (June 10', 'label': 'DATE'}, {'text': 'more than 110,000', 'label': 'CARDINAL'}, {'text': '250', 'label': 'CARDINAL'}, {'text': 'HMI', 'label': 'ORG'}]"
news_excerpts_parsed.xlsx,,"https://www.reuters.com/business/finance/indias-paytm-payments-bank-fined-over-662000-money-laundering-2024-03-01/ India's Financial Intelligence Unit (FIU) on Friday imposed a penalty of 54.9 million rupees ($662,565) on Paytm's (PAYT.NS), opens new tab banking arm, Paytm Payments Bank, for violations in reporting illegal money routed through its accounts, the country's finance ministry said. The FIU initiated a review of Paytm Payments Bank after information from law enforcement agencies about some entities engaged in illegal acts, including organising and facilitating online gambling, and routing proceeds through the bank. ""The money generated from these illegal operations, i.e. proceeds of crime, were routed and channelled through bank accounts maintained by these entities with the Paytm Payments Bank,"" the ministry said in a statement. The payments bank failed to report suspicious transactions and conduct due diligence of these accounts, the FIU's order said. Based on the ""voluminous"" material available on record, it found that the charges against Paytm Payments Bank were substantiated, the ministry added.","[{'text': ""https://www.reuters.com/business/finance/indias-paytm-payments-bank-fined-over-662000-money-laundering-2024-03-01/ India's"", 'label': 'ORG'}, {'text': 'Financial Intelligence Unit', 'label': 'ORG'}, {'text': 'FIU', 'label': 'ORG'}, {'text': 'Friday', 'label': 'DATE'}, {'text': '54.9 million rupees', 'label': 'MONEY'}, {'text': '662,565', 'label': 'MONEY'}, {'text': 'Paytm', 'label': 'PERSON'}, {'text': 'Paytm Payments Bank', 'label': 'ORG'}, {'text': 'FIU', 'label': 'ORG'}, {'text': 'Paytm Payments Bank', 'label': 'ORG'}, {'text': 'the Paytm Payments Bank', 'label': 'ORG'}, {'text': 'FIU', 'label': 'ORG'}, {'text': 'Paytm Payments Bank', 'label': 'ORG'}]"
news_excerpts_parsed.xlsx,,"https://edition.cnn.com/2023/04/04/business/tiktok-uk-data-regulator-fine/index.html The UK data regulator has fined TikTok £12.7 million ($15.9 million) for a number of breaches of data protection law, including misusing children’s personal data. The Information Commissioner’s Office estimates that, in 2020, TikTok allowed more than 1 million UK children under 13 to use its platform in violation of its own rules. The ICO said Tuesday that TikTok had not done enough to check who was using its platform, failed to take action to remove underage children and hadn’t provided proper information to users about how their data was being collected and used. The fine applies to rule breaches between May 2018 and July 2020.","[{'text': 'UK', 'label': 'GPE'}, {'text': 'TikTok', 'label': 'ORG'}, {'text': '£12.7 million', 'label': 'MONEY'}, {'text': '$15.9 million', 'label': 'MONEY'}, {'text': '2020', 'label': 'DATE'}, {'text': 'TikTok', 'label': 'ORG'}, {'text': 'more than 1 million', 'label': 'CARDINAL'}, {'text': 'UK', 'label': 'GPE'}, {'text': 'under 13', 'label': 'DATE'}, {'text': 'ICO', 'label': 'ORG'}, {'text': 'Tuesday', 'label': 'DATE'}, {'text': 'TikTok', 'label': 'ORG'}, {'text': 'between May 2018', 'label': 'DATE'}, {'text': 'July 2020', 'label': 'DATE'}]"
news_excerpts_parsed.xlsx,,"https://www.channelnewsasia.com/singapore/mas-fines-dbs-ocbc-citibank-swiss-life-breaches-3-8-million-wirecard-3577456 The Monetary Authority of Singapore (MAS) has fined banks DBS, OCBC, Citibank and insurer Swiss Life a total of S$3.8 million (US$2.83 million) for breaching its requirements on anti-money laundering and countering terrorism financing. The breaches were identified when MAS examined the financial institutions following news of irregularities relating to Wirecard AG’s financial statements and the alleged involvement of Singapore-based individuals and entities. The financial institutions were found to have inadequate money laundering and terrorism financing controls when they dealt with people who were ""involved in transactions with, or had links to, Wirecard AG or its related parties"". MAS issued fines of S$2.6 million for DBS, S$600,000 for OCBC, S$400,000 for Citibank, and S$200,000 for Swiss Life.","[{'text': 'The Monetary Authority of Singapore', 'label': 'ORG'}, {'text': 'MAS', 'label': 'ORG'}, {'text': 'DBS', 'label': 'ORG'}, {'text': 'OCBC', 'label': 'ORG'}, {'text': 'Citibank', 'label': 'ORG'}, {'text': 'Swiss Life', 'label': 'ORG'}, {'text': 'S$3.8 million', 'label': 'CARDINAL'}, {'text': 'US$2.83 million', 'label': 'MONEY'}, {'text': 'MAS', 'label': 'ORG'}, {'text': 'Wirecard AG’s', 'label': 'ORG'}, {'text': 'Singapore', 'label': 'GPE'}, {'text': 'Wirecard AG', 'label': 'ORG'}, {'text': 'MAS', 'label': 'ORG'}, {'text': 'S$2.6 million', 'label': 'CARDINAL'}, {'text': 'DBS', 'label': 'ORG'}, {'text': 'S$600,000', 'label': 'ORG'}, {'text': 'OCBC', 'label': 'ORG'}, {'text': 'S$400,000', 'label': 'ORG'}, {'text': 'Citibank', 'label': 'ORG'}, {'text': 'S$200,000', 'label': 'ORG'}, {'text': 'Swiss Life', 'label': 'ORG'}]"
news_excerpts_parsed.xlsx,,"https://www.reuters.com/business/aerospace-defense/indias-aviation-watchdog-fines-air-india-violating-flight-duty-time-limitations-2024-03-22/ India's air safety watchdog fined Tata Group-owned Air India 8 million rupees ($95,658) for violating flight duty time limitations and fatigue management systems of its flight crew. In January, the aviation regulator increased the mandatory weekly rest period for flight crew to 48 hours from 36 hours, a decision that followed a review of pilot fatigue data after an IndiGo (INGL.NS), opens new tab pilot collapsed and died in August last year before his flight. Air India did not provide adequate weekly rest, adequate rest before and after ultra-long flights and adequate rest on layover to flight crew, thus violating revised rules, the Directorate General of Civil Aviation (DGCA) said on Friday.","[{'text': 'https://www.reuters.com/business/aerospace-defense/indias-aviation-watchdog-fines-air-india-violating-flight-duty-time-limitations-2024-03-22/', 'label': 'GPE'}, {'text': 'India', 'label': 'GPE'}, {'text': 'Tata Group', 'label': 'ORG'}, {'text': 'Air India', 'label': 'ORG'}, {'text': '8 million rupees', 'label': 'MONEY'}, {'text': '95,658', 'label': 'MONEY'}, {'text': 'January', 'label': 'DATE'}, {'text': 'weekly', 'label': 'DATE'}, {'text': '48 hours', 'label': 'TIME'}, {'text': '36 hours', 'label': 'TIME'}, {'text': 'August last year', 'label': 'DATE'}, {'text': 'Air India', 'label': 'ORG'}, {'text': 'weekly', 'label': 'DATE'}, {'text': 'the Directorate General of Civil Aviation', 'label': 'ORG'}, {'text': 'DGCA', 'label': 'ORG'}, {'text': 'Friday', 'label': 'DATE'}]"
news_excerpts_parsed.xlsx,,"https://edition.cnn.com/2022/12/20/investing/wells-fargo-cfpb-foreclosure-fine/index.html Federal regulators fined Wells Fargo a record $1.7 billion on Tuesday for “widespread mismanagement” over multiple years that harmed over 16 million consumer accounts. The Consumer Financial Protection Bureau said Wells Fargo’s “illegal activity” included repeatedly misapplying loan payments, wrongfully foreclosing on homes, illegally repossessing vehicles, incorrectly assessing fees and interest and charging surprise overdraft fees. The CFPB ordered Wells Fargo (WFC) to pay the $1.7 billion civil penalty in addition to more than $2 billion to compensate consumers for a range of “illegal activity.” CFPB officials say this is the largest penalty imposed by the agency. The misconduct described by the CFPB echoes previously reported revelations that have emerged about Wells Fargo since 2016 when the bank’s fake-accounts scandal created a national firestorm.","[{'text': 'Wells Fargo', 'label': 'ORG'}, {'text': 'a record $1.7 billion', 'label': 'MONEY'}, {'text': 'Tuesday', 'label': 'DATE'}, {'text': 'over 16 million', 'label': 'CARDINAL'}, {'text': 'The Consumer Financial Protection Bureau', 'label': 'ORG'}, {'text': 'Wells Fargo’s', 'label': 'ORG'}, {'text': 'CFPB', 'label': 'ORG'}, {'text': 'Wells Fargo', 'label': 'ORG'}, {'text': 'WFC', 'label': 'ORG'}, {'text': '$1.7 billion', 'label': 'MONEY'}, {'text': 'more than $2 billion', 'label': 'MONEY'}, {'text': 'CFPB', 'label': 'ORG'}, {'text': 'CFPB', 'label': 'ORG'}, {'text': 'Wells Fargo', 'label': 'ORG'}, {'text': '2016', 'label': 'DATE'}]"
news_excerpts_parsed.xlsx,,"https://www.straitstimes.com/business/apple-hit-with-18-billion-eu-fine-over-app-store-rules Apple was hit on March 4 with a 1.8 billion euros (S$2.62 billion) penalty from the European Union after an investigation into allegations that it shut out music-streaming rivals, including Spotify Technology, on its platforms. The European Commission also ordered the Cupertino, California-based firm to stop preventing music streaming apps from informing users of cheaper deals away from Apple’s App Store. “For a decade, Apple abused its dominant position in the market for the distribution of music streaming apps through the App Store,” EU antitrust chief Margrethe Vestager said. “They did so by restricting developers from informing consumers about alternative, cheaper music services available outside of the Apple ecosystem.”","[{'text': 'Apple', 'label': 'ORG'}, {'text': 'March 4', 'label': 'DATE'}, {'text': '1.8 billion euros', 'label': 'MONEY'}, {'text': 'the European Union', 'label': 'ORG'}, {'text': 'Spotify Technology', 'label': 'ORG'}, {'text': 'The European Commission', 'label': 'ORG'}, {'text': 'Cupertino', 'label': 'GPE'}, {'text': 'California', 'label': 'GPE'}, {'text': 'Apple', 'label': 'ORG'}, {'text': 'a decade', 'label': 'DATE'}, {'text': 'Apple', 'label': 'ORG'}, {'text': 'the App Store', 'label': 'WORK_OF_ART'}, {'text': 'EU', 'label': 'ORG'}, {'text': 'Vestager', 'label': 'PERSON'}, {'text': 'Apple', 'label': 'ORG'}]"
news_excerpts_parsed.xlsx,,"https://www.straitstimes.com/singapore/burger-lobster-fined-3000-for-food-safety-lapses Burger & Lobster Singapore was fined $3,000 by the courts on April 11 for food safety lapses, the Singapore Food Agency (SFA) said in a statement. In May 2022, SFA received reports of gastroenteritis involving 132 people who ate at the Burger & Lobster outlet in Jewel Changi Airport between May 7 and 15 in 2022. Five of them were hospitalised. The SFA and the Ministry of Health found multiple lapses. These included poor housekeeping, cracked kitchen floor tiles, using a dirty oven toaster and failure to employ a food hygiene officer for the premises. In the interest of public health, SFA suspended their food business operations from May 16 to July 5 in 2022, and it directed Burger & Lobster Singapore to take necessary measures to improve food safety practices and the cleanliness of its premises.","[{'text': 'Burger & Lobster Singapore', 'label': 'ORG'}, {'text': '3,000', 'label': 'MONEY'}, {'text': 'April 11', 'label': 'DATE'}, {'text': 'the Singapore Food Agency', 'label': 'ORG'}, {'text': 'May 2022', 'label': 'DATE'}, {'text': '132', 'label': 'CARDINAL'}, {'text': 'Burger & Lobster', 'label': 'ORG'}, {'text': 'Jewel Changi Airport', 'label': 'FAC'}, {'text': 'between May 7 and 15', 'label': 'DATE'}, {'text': '2022', 'label': 'CARDINAL'}, {'text': 'Five', 'label': 'CARDINAL'}, {'text': 'SFA', 'label': 'ORG'}, {'text': 'the Ministry of Health', 'label': 'ORG'}, {'text': 'May 16 to July 5', 'label': 'DATE'}, {'text': '2022', 'label': 'CARDINAL'}, {'text': 'Burger & Lobster Singapore', 'label': 'ORG'}]"
news_excerpts_parsed.xlsx,,"https://edition.cnn.com/2024/02/22/tech/ftc-avast-cybersecurity-company-fine/index.html Cybersecurity software company Avast faces a $16.5 million fine from the Federal Trade Commission after the agency filed a complaint Wednesday accusing the company of selling consumer data to third parties. The FTC says Avast, a firm that promises to protect consumer data from online tracking, has done the opposite, collecting and selling user browsing data without knowledge or consent while simultaneously misleading users. Avast’s origins date back to the late 1980s, when its founders lived and worked in Czechoslovakia when it was part of the Soviet Bloc. The company grew its antivirus software and other offerings over time, went public and merged with other companies in the cybersecurity space over time.","[{'text': 'Avast', 'label': 'PRODUCT'}, {'text': '$16.5 million', 'label': 'MONEY'}, {'text': 'the Federal Trade Commission', 'label': 'ORG'}, {'text': 'Wednesday', 'label': 'DATE'}, {'text': 'third', 'label': 'ORDINAL'}, {'text': 'FTC', 'label': 'ORG'}, {'text': 'Avast', 'label': 'LOC'}, {'text': 'the late 1980s', 'label': 'DATE'}, {'text': 'Czechoslovakia', 'label': 'GPE'}, {'text': 'the Soviet Bloc', 'label': 'LOC'}]"
news_excerpts_parsed.xlsx,,"https://www.cbsnews.com/news/dish-fcc-satellite-space-junk-settlement/ Dish Network left one of its retired satellites floating too low in space and has now been slapped with a fine by federal regulators. The Federal Communications Commission (FCC) issued a $150,000 penalty against Dish on Monday, saying the Colorado company didn't properly dispose of its defunct direct broadcast satellite known as EchoStar-7. The Dish settlement marks the first fine ever levied against a company for space debris, FCC officials said. ""As satellite operations become more prevalent and the space economy accelerates, we must be certain that operators comply with their commitments,"" Loyaan Egal, the FCC's enforcement bureau chief, said in a statement. ""This is a breakthrough settlement, making very clear the FCC has strong enforcement authority and capability to enforce its vitally important space debris rules.""","[{'text': 'https://www.cbsnews.com/news/dish-fcc-satellite-space-junk-settlement/ Dish Network', 'label': 'PERSON'}, {'text': 'one', 'label': 'CARDINAL'}, {'text': 'The Federal Communications Commission', 'label': 'ORG'}, {'text': 'FCC', 'label': 'ORG'}, {'text': '150,000', 'label': 'MONEY'}, {'text': 'Dish', 'label': 'NORP'}, {'text': 'Monday', 'label': 'DATE'}, {'text': 'Colorado', 'label': 'GPE'}, {'text': 'EchoStar-7', 'label': 'NORP'}, {'text': 'Dish', 'label': 'NORP'}, {'text': 'first', 'label': 'ORDINAL'}, {'text': 'FCC', 'label': 'ORG'}, {'text': 'Loyaan Egal', 'label': 'PERSON'}, {'text': 'FCC', 'label': 'ORG'}, {'text': 'FCC', 'label': 'ORG'}]"
news_excerpts_parsed.xlsx,,"https://www.cnbc.com/2022/07/21/china-fines-didi-more-than-1-billion-for-breaking-data-security-laws.html China’s cybersecurity authority fined ride-hailing giant Didi Global on Thursday in apparent closure of a yearlong probe that prevented the company from adding new users. The Cyberspace Administration of China said it fined Didi 8.026 billion yuan ($1.19 billion) after deciding the company violated China’s network security law, data security law and personal information protection law. The administration also fined two Didi executives 1 million yuan each. Didi said in an online statement it accepted the cybersecurity regulators decision. Didi did not immediately respond to a CNBC request for comment. The cybersecurity authority’s announcement did not say whether the fine meant that Didi would soon be able to add new users or restore its presence on app stores in China.","[{'text': 'China', 'label': 'GPE'}, {'text': 'Didi Global', 'label': 'PERSON'}, {'text': 'Thursday', 'label': 'DATE'}, {'text': 'yearlong', 'label': 'DATE'}, {'text': 'The Cyberspace Administration of China', 'label': 'ORG'}, {'text': '8.026 billion yuan', 'label': 'MONEY'}, {'text': '$1.19 billion', 'label': 'MONEY'}, {'text': 'China', 'label': 'GPE'}, {'text': 'two', 'label': 'CARDINAL'}, {'text': 'Didi', 'label': 'LOC'}, {'text': '1 million yuan', 'label': 'MONEY'}, {'text': 'Didi', 'label': 'PERSON'}, {'text': 'CNBC', 'label': 'ORG'}, {'text': 'Didi', 'label': 'GPE'}, {'text': 'China', 'label': 'GPE'}]"
news_excerpts_parsed.xlsx,,"https://edition.cnn.com/2024/03/23/us/oregon-cold-case-chewing-gum-dna/index.html Robert Plympton, 60, was found guilty last week on one count of first-degree murder and four counts of second-degree murder in the killing of Mt. Hood Community College student Barbara Tucker, according to a news release from the Multnomah County District Attorney’s Office. Nineteen-year-old Tucker was “kidnapped, sexually assaulted, and beaten to death” on January 15, 1980, the release states. Charges of rape and sexual abuse against Plympton were dropped, according to a document released by the DA’s office. Plympton had pleaded not guilty, and his attorneys say they intend to appeal his convictions. “We will appeal, and we are confident that his convictions will be overturned,” attorneys Stephen Houze and Jacob Houze said in a statement to CNN.","[{'text': 'Robert Plympton', 'label': 'PERSON'}, {'text': '60', 'label': 'DATE'}, {'text': 'last week', 'label': 'DATE'}, {'text': 'one', 'label': 'CARDINAL'}, {'text': 'first', 'label': 'ORDINAL'}, {'text': 'four', 'label': 'CARDINAL'}, {'text': 'second', 'label': 'ORDINAL'}, {'text': 'Mt. Hood Community College', 'label': 'ORG'}, {'text': 'Barbara Tucker', 'label': 'PERSON'}, {'text': 'the Multnomah County', 'label': 'LOC'}, {'text': 'Nineteen-year-old', 'label': 'DATE'}, {'text': 'Tucker', 'label': 'PERSON'}, {'text': 'January 15, 1980', 'label': 'DATE'}, {'text': 'Plympton', 'label': 'ORG'}, {'text': 'Plympton', 'label': 'ORG'}, {'text': 'Stephen Houze', 'label': 'PERSON'}, {'text': 'Jacob Houze', 'label': 'PERSON'}, {'text': 'CNN', 'label': 'ORG'}]"
news_excerpts_parsed.xlsx,,"https://www.reuters.com/technology/space/musks-spacex-fined-near-amputation-suffered-by-worker-records-show-2024-02-13/ A Reuters investigation late last year found that Musk’s rocket company disregarded worker-safety regulations and standard practices at its facilities nationwide. Through interviews and government records, the news organization documented at least 600 previously unreported injuries of SpaceX workers since 2014. SpaceX has not responded to Reuters’ questions about any of the incidents, including the death of one worker and the injury of another who remains in a coma after his skull was fractured during a 2022 rocket engine malfunction. The company also did not respond to a request for comment about the new safety fine. Inspectors from Washington state’s Department of Labor and Industries discovered new safety violations at the company’s Redmond, Washington, site last December, in a visit prompted by worker complaints, according to state inspection records obtained by Reuters under an open records request. An agency spokesperson said that SpaceX can still appeal the decision.","[{'text': 'Reuters', 'label': 'ORG'}, {'text': 'late last year', 'label': 'DATE'}, {'text': 'Musk', 'label': 'PERSON'}, {'text': 'at least 600', 'label': 'CARDINAL'}, {'text': 'SpaceX', 'label': 'ORG'}, {'text': '2014', 'label': 'DATE'}, {'text': 'SpaceX', 'label': 'ORG'}, {'text': 'Reuters', 'label': 'ORG'}, {'text': 'one', 'label': 'CARDINAL'}, {'text': '2022', 'label': 'CARDINAL'}, {'text': 'Washington', 'label': 'GPE'}, {'text': 'Department of Labor and Industries', 'label': 'ORG'}, {'text': 'Redmond', 'label': 'GPE'}, {'text': 'Washington', 'label': 'GPE'}, {'text': 'last December', 'label': 'DATE'}, {'text': 'Reuters', 'label': 'ORG'}, {'text': 'SpaceX', 'label': 'ORG'}]"
news_excerpts_parsed.xlsx,,"https://www.reuters.com/world/us/us-regulators-fine-credit-firm-transunion-23-million-over-rent-screening-2023-10-12/ The Consumer Financial Protection Bureau (CFPB) and Federal Trade Commission (FTC) fined credit reporting agency TransUnion a total of $23 million over inaccurate rental background checks and poor handling of consumer credit report locks and freezes, the agencies said on Thursday. TransUnion will pay $15 million and make ""significant improvements to how it reports evictions,"" the CFPB said. Separately, the CFPB is ordering TransUnion to pay $8 million ""for lying to consumers"" about requested security freezes and locks requested by tens of thousands of consumers. While telling the consumers their requests had been processed, the company allegedly put them instead into a ""yearslong backlog,"" according to the CFPB.","[{'text': 'The Consumer Financial Protection Bureau', 'label': 'ORG'}, {'text': 'CFPB', 'label': 'ORG'}, {'text': 'Federal Trade Commission', 'label': 'ORG'}, {'text': 'FTC', 'label': 'ORG'}, {'text': '$23 million', 'label': 'MONEY'}, {'text': 'Thursday', 'label': 'DATE'}, {'text': '$15 million', 'label': 'MONEY'}, {'text': 'CFPB', 'label': 'ORG'}, {'text': 'CFPB', 'label': 'ORG'}, {'text': '$8 million', 'label': 'MONEY'}, {'text': 'tens of thousands', 'label': 'CARDINAL'}, {'text': 'CFPB', 'label': 'ORG'}]"
news_excerpts_parsed.xlsx,,"https://www.reuters.com/technology/russian-court-fines-google-508-mln-over-fake-information-ukraine-war-tass-2023-12-20/ A Russian court fined Alphabet's Google (GOOGL.O), on Wednesday 4.6 billion roubles ($50.84 million) for failing to delete so-called ""fake"" information about the conflict in Ukraine and other topics, the TASS news agency reported. Russia has been at loggerheads with foreign technology companies over content, censorship, data and local representation in a simmering dispute that intensified after Russia invaded Ukraine in February 2022. The RIA news agency said the fine had also been imposed due to Google failing to remove ""extremist content"" and the distribution of what Russia calls ""LGBT propaganda"". Google did not immediately respond to a request for comment.","[{'text': 'Russian', 'label': 'NORP'}, {'text': 'Alphabet', 'label': 'GPE'}, {'text': 'Wednesday', 'label': 'DATE'}, {'text': '4.6 billion roubles', 'label': 'MONEY'}, {'text': '$50.84 million', 'label': 'MONEY'}, {'text': 'Ukraine', 'label': 'GPE'}, {'text': 'TASS', 'label': 'ORG'}, {'text': 'Russia', 'label': 'GPE'}, {'text': 'Russia', 'label': 'GPE'}, {'text': 'Ukraine', 'label': 'GPE'}, {'text': 'February 2022', 'label': 'DATE'}, {'text': 'Google', 'label': 'ORG'}, {'text': 'Russia', 'label': 'GPE'}, {'text': 'LGBT', 'label': 'ORG'}, {'text': 'Google', 'label': 'ORG'}]"
news_excerpts_parsed.xlsx,,"https://www.reuters.com/markets/asia/indonesias-anti-trust-body-fines-cooking-oil-firms-restricting-supply-2023-05-26/ Indonesia's anti-monopoly agency (KPPU) ordered seven cooking oil companies on Friday to pay fines of up to $2.8 million for restricting sales amid scarce supplies last year. KPPU launched an investigation into the conduct of cooking oil companies last year after the Indonesian government placed a temporary cap on surging retail prices of the essential product and later a three-week export ban on palm oil. Indonesia is the world's biggest producer of palm oil, commonly used as cooking oil. Seven out of 27 companies investigated were found guilty of limiting distribution of their branded cooking oils while the retail price cap was in place in early 2022, said Dinni Melanie, who chaired the KPPU panel. The seven companies include Salim Ivomas Pratama (SIMP.JK), a unit of Indonesia's largest food company Indofood Group, as well as two units of Wilmar Group.","[{'text': 'Indonesia', 'label': 'GPE'}, {'text': 'KPPU', 'label': 'ORG'}, {'text': 'seven', 'label': 'CARDINAL'}, {'text': 'Friday', 'label': 'DATE'}, {'text': 'up to $2.8 million', 'label': 'MONEY'}, {'text': 'last year', 'label': 'DATE'}, {'text': 'KPPU', 'label': 'ORG'}, {'text': 'last year', 'label': 'DATE'}, {'text': 'Indonesian', 'label': 'NORP'}, {'text': 'three-week', 'label': 'DATE'}, {'text': 'Indonesia', 'label': 'GPE'}, {'text': 'Seven', 'label': 'CARDINAL'}, {'text': '27', 'label': 'CARDINAL'}, {'text': '2022', 'label': 'CARDINAL'}, {'text': 'Dinni Melanie', 'label': 'PERSON'}, {'text': 'KPPU', 'label': 'ORG'}, {'text': 'seven', 'label': 'CARDINAL'}, {'text': 'Salim Ivomas Pratama', 'label': 'PERSON'}, {'text': 'Indonesia', 'label': 'GPE'}, {'text': 'Indofood Group', 'label': 'ORG'}, {'text': 'two', 'label': 'CARDINAL'}, {'text': 'Wilmar Group', 'label': 'ORG'}]"
news_excerpts_parsed.xlsx,,"https://edition.cnn.com/2024/03/06/entertainment/rust-trial-hannah-gutierrez-reed/index.html Hannah Gutierrez Reed, the “Rust” film armorer, was found guilty of involuntary manslaughter Wednesday in a New Mexico trial stemming from the 2021 on-set fatal shooting of cinematographer Halyna Hutchins, who was killed by a live round of ammunition fired from a prop gun that was held by actor Alec Baldwin. Gutierrez Reed, who was responsible for firearm safety and storage on the movie’s set, was acquitted of a separate charge of evidence tampering, which was brought after prosecutors alleged she transferred a “small bag of cocaine” to someone else after a police interview on the day of the shooting on October 21, 2021. Jurors deliberated for nearly three hours Wednesday before reaching a decision. The 26-year-old, who did not take the stand in her defense during the trial in Santa Fe, did not show any emotion while the verdict was read. She was then taken into custody.","[{'text': 'Hannah Gutierrez Reed', 'label': 'PERSON'}, {'text': 'Wednesday', 'label': 'DATE'}, {'text': 'New Mexico', 'label': 'GPE'}, {'text': '2021', 'label': 'CARDINAL'}, {'text': 'Halyna Hutchins', 'label': 'PERSON'}, {'text': 'Alec Baldwin', 'label': 'PERSON'}, {'text': 'Gutierrez Reed', 'label': 'PERSON'}, {'text': 'the day', 'label': 'DATE'}, {'text': 'October 21', 'label': 'DATE'}, {'text': '2021', 'label': 'DATE'}, {'text': 'nearly three hours', 'label': 'TIME'}, {'text': 'Wednesday', 'label': 'DATE'}, {'text': '26-year-old', 'label': 'DATE'}, {'text': 'Santa Fe', 'label': 'ORG'}]"
news_excerpts_parsed.xlsx,,"https://www.reuters.com/sustainability/boards-policy-regulation/adm-investor-services-fined-anti-money-laundering-failures-2023-10-02/ Britain's Financial Conduct Authority (FCA) said on Monday it had fined commodities services broker ADM Investor Services International Limited 6.47 million pounds ($7.9 million) for ""inadequate"" anti-money laundering systems and controls. The FCA said the nature of the company's business and client base presented potentially high levels of money laundering risk because of its global spread of activities and clients that included higher risk so-called politically exposed persons. The watchdog said it raised concerns at ADM in 2014, but there were still significant failings when it visited the company two years later when it found no firm-wide money laundering risk assessment, and policies referring to repealed legislation.","[{'text': 'Britain', 'label': 'GPE'}, {'text': 'Financial Conduct Authority', 'label': 'ORG'}, {'text': 'Monday', 'label': 'DATE'}, {'text': 'ADM Investor Services International Limited', 'label': 'ORG'}, {'text': '6.47 million pounds', 'label': 'MONEY'}, {'text': '$7.9 million', 'label': 'MONEY'}, {'text': 'FCA', 'label': 'ORG'}, {'text': 'ADM', 'label': 'ORG'}, {'text': '2014', 'label': 'DATE'}, {'text': 'two years later', 'label': 'DATE'}]"
news_excerpts_parsed.xlsx,,"https://edition.cnn.com/2024/03/14/tech/tiktok-fine-italy/index.html Italy’s competition authority has fined TikTok €10 million ($11 million) for failing to control the spread of content that it said threatened the safety of minors and other vulnerable people. The antitrust agency, AGCM, said Thursday that TikTok, which is owned by China’s ByteDance, had failed to take into account the specific vulnerabilities of adolescents using its platform, such as a tendency toward copying group behaviors. The watchdog announced an investigation into TikTok’s content moderation practices last March. In a statement Thursday, it said the video-sharing platform “has not taken adequate measures to avoid the spread of (harmful) content,” adding that its algorithms meant such content could be “systematically re-proposed to users.”","[{'text': 'Italy', 'label': 'GPE'}, {'text': 'TikTok', 'label': 'ORG'}, {'text': '€10 million', 'label': 'MONEY'}, {'text': '$11 million', 'label': 'MONEY'}, {'text': 'AGCM', 'label': 'ORG'}, {'text': 'Thursday', 'label': 'DATE'}, {'text': 'TikTok', 'label': 'ORG'}, {'text': 'China', 'label': 'GPE'}, {'text': 'ByteDance', 'label': 'ORG'}, {'text': 'TikTok', 'label': 'ORG'}, {'text': 'last March', 'label': 'DATE'}, {'text': 'Thursday', 'label': 'DATE'}]"
